{"cameraMode":{"drawMode":0,"name":"Shaded","section":"Shading Mode"},"sceneLighting":false,"audioPlay":false,"sceneViewState":{"showFog":true,"showMaterialUpdate":false,"showSkybox":true,"showFlares":true,"showImageEffects":true,"showParticleSystems":true},"in2DMode":false,"pivot":{"x":0.5181227922439575,"y":-0.8234015107154846,"z":0.9251866340637207},"rotation":{"x":-0.15622952580451966,"y":0.6714538931846619,"z":-0.14801761507987977,"w":-0.7091869115829468},"size":0.24046093225479127,"orthographic":false}