{"cameraMode":{"drawMode":0,"name":"Shaded","section":"Shading Mode"},"sceneLighting":false,"audioPlay":false,"sceneViewState":{"showFog":true,"showMaterialUpdate":false,"showSkybox":true,"showFlares":true,"showImageEffects":true,"showParticleSystems":true},"in2DMode":false,"pivot":{"x":0.5323587656021118,"y":-0.7345889210700989,"z":0.7674074769020081},"rotation":{"x":0.2195698767900467,"y":0.1802680939435959,"z":-0.0412961021065712,"w":0.9579648971557617},"size":0.014289379119873047,"orthographic":false}