{"cameraMode":{"drawMode":0,"name":"Shaded","section":"Shading Mode"},"sceneLighting":true,"audioPlay":false,"sceneViewState":{"showFog":true,"showMaterialUpdate":false,"showSkybox":true,"showFlares":true,"showImageEffects":true,"showParticleSystems":true},"in2DMode":false,"pivot":{"x":-0.20923030376434327,"y":0.8272616863250732,"z":-4.012815952301025},"rotation":{"x":-0.04789018630981445,"y":-0.7522422075271606,"z":0.05488166585564613,"w":-0.654961347579956},"size":1.1675338745117188,"orthographic":false}