{"cameraMode":{"drawMode":0,"name":"Shaded","section":"Shading Mode"},"sceneLighting":false,"audioPlay":false,"sceneViewState":{"showFog":true,"showMaterialUpdate":false,"showSkybox":true,"showFlares":true,"showImageEffects":true,"showParticleSystems":true},"in2DMode":false,"pivot":{"x":0.005909621715545654,"y":0.07505927979946137,"z":0.40081721544265749},"rotation":{"x":0.06255099177360535,"y":0.2941438555717468,"z":-0.01896866038441658,"w":0.9537011981010437},"size":1.350006103515625,"orthographic":false}