{"cameraMode":{"drawMode":0,"name":"Shaded","section":"Shading Mode"},"sceneLighting":false,"audioPlay":false,"sceneViewState":{"showFog":true,"showMaterialUpdate":false,"showSkybox":true,"showFlares":true,"showImageEffects":true,"showParticleSystems":true},"in2DMode":false,"pivot":{"x":0.5523626208305359,"y":-0.7350881695747376,"z":0.7656922340393066},"rotation":{"x":0.204120934009552,"y":0.04844106361269951,"z":-0.010089470073580742,"w":0.9777504205703735},"size":0.014289379119873047,"orthographic":false}