{"cameraMode":{"drawMode":0,"name":"Shaded","section":"Shading Mode"},"sceneLighting":false,"audioPlay":false,"sceneViewState":{"showFog":true,"showMaterialUpdate":false,"showSkybox":true,"showFlares":true,"showImageEffects":true,"showParticleSystems":true},"in2DMode":false,"pivot":{"x":63.93608093261719,"y":79.84856414794922,"z":154.74990844726563},"rotation":{"x":0.19599291682243348,"y":0.15519197285175324,"z":-0.03140433505177498,"w":0.9677947163581848},"size":28.422035217285158,"orthographic":false}