{"cameraMode":{"drawMode":0,"name":"Shaded","section":"Shading Mode"},"sceneLighting":false,"audioPlay":false,"sceneViewState":{"showFog":true,"showMaterialUpdate":false,"showSkybox":true,"showFlares":true,"showImageEffects":true,"showParticleSystems":true},"in2DMode":false,"pivot":{"x":-0.0361177921295166,"y":1.4419262409210206,"z":9.795262336730957},"rotation":{"x":0.08694091439247132,"y":0.7479449510574341,"z":-0.10000374913215637,"w":0.6504579782485962},"size":0.7578839659690857,"orthographic":false}